통화명,전일대비,date,ttb,tts,deal_bas_r,bkpr,kftc_bkpr,kftc_deal_bas_r,cur_nm
USD,+0.60,2023-05-08,"1,312.34","1,338.85","1,325.6","1,325","1,325","1,325.6",미국 달러
JPY,-5.14,2023-05-08,971.06,990.67,980.87,980,980,980.87,일본 옌
EUR,-0.27,2023-05-08,"1,445.8","1,475.01","1,460.41","1,460","1,460","1,460.41",유로
HKD,+0.09,2023-05-08,167.23,170.6,168.92,168,168,168.92,홍콩 달러
GBP,+1.75,2023-05-08,"1,657.28","1,690.77","1,674.03","1,674","1,674","1,674.03",영국 파운드
CHF,-10.25,2023-05-08,"1,472.72","1,502.47","1,487.6","1,487","1,487","1,487.6",스위스 프랑
CAD,+15.50,2023-05-08,980.93,"1,000.74",990.84,990,990,990.84,캐나다 달러
AUD,+4.97,2023-05-08,886.28,904.19,895.24,895,895,895.24,호주 달러
NZD,+4.28,2023-05-08,826.7,843.41,835.06,835,835,835.06,뉴질랜드 달러
SEK,+1.15,2023-05-08,129.03,131.64,130.34,130,130,130.34,스웨덴 크로나
DKK,-0.50,2023-05-08,194.07,198,196.04,196,196,196.04,덴마아크 크로네
NOK,+1.68,2023-05-08,124.16,126.67,125.42,125,125,125.42,노르웨이 크로네
SAR,+0.17,2023-05-08,349.93,357,353.47,353,353,353.47,사우디 리얄
KWD,-1.01,2023-05-08,"4,284.5","4,371.05","4,327.78","4,327","4,327","4,327.78",쿠웨이트 디나르
BHD,+1.59,2023-05-08,"3,480.74","3,551.05","3,515.9","3,515","3,515","3,515.9",바레인 디나르
AED,+0.19,2023-05-08,357.39,364.61,361,361,361,361,아랍에미리트 디르함
THB,+0.11,2023-05-08,38.75,39.54,39.15,39,39,39.15,태국 바트
SGD,+1.84,2023-05-08,989.81,"1,009.8",999.81,999,999,999.81,싱가포르 달러
IDR,+0.01,2023-05-08,8.93,9.12,9.03,9,9,9.03,인도네시아 루피아
MYR,+1.21,2023-05-08,295.77,301.74,298.76,298,298,298.76,말레이지아 링기트
BND,+3.91,2023-05-08,989.81,"1,009.8",999.81,999,999,999.81,브루나이 달러
USD,-0.30,2023-05-09,"1,309.47","1,335.92","1,322.7","1,322","1,322","1,322.7",미국 달러
JPY,+0.61,2023-05-09,969.72,989.31,979.52,979,979,979.52,일본 옌
EUR,-0.66,2023-05-09,"1,440.48","1,469.59","1,455.04","1,455","1,455","1,455.04",유로
HKD,-0.05,2023-05-09,166.84,170.21,168.53,168,168,168.53,홍콩 달러
GBP,-0.32,2023-05-09,"1,652.09","1,685.46","1,668.78","1,668","1,668","1,668.78",영국 파운드
CHF,-0.84,2023-05-09,"1,471.48","1,501.21","1,486.35","1,486","1,486","1,486.35",스위스 프랑
CAD,-2.93,2023-05-09,979.37,999.16,989.27,989,989,989.27,캐나다 달러
AUD,-0.01,2023-05-09,888.14,906.09,897.12,897,897,897.12,호주 달러
NZD,+0.21,2023-05-09,831.12,847.91,839.52,839,839,839.52,뉴질랜드 달러
SEK,-0.18,2023-05-09,128.76,131.37,130.07,130,130,130.07,스웨덴 크로나
DKK,-0.88,2023-05-09,193.44,197.35,195.4,195,195,195.4,덴마아크 크로네
NOK,-0.11,2023-05-09,124.7,127.21,125.96,125,125,125.96,노르웨이 크로네
SAR,-0.08,2023-05-09,349.17,356.22,352.7,352,352,352.7,사우디 리얄
KWD,-2.81,2023-05-09,"4,271.92","4,358.23","4,315.08","4,315","4,315","4,315.08",쿠웨이트 디나르
BHD,-0.79,2023-05-09,"3,473.12","3,543.29","3,508.21","3,508","3,508","3,508.21",바레인 디나르
AED,-0.11,2023-05-09,356.57,363.78,360.18,360,360,360.18,아랍에미리트 디르함
THB,+0.02,2023-05-09,38.71,39.5,39.11,39,39,39.11,태국 바트
SGD,-0.26,2023-05-09,988.24,"1,008.21",998.23,998,998,998.23,싱가포르 달러
IDR,-0.26,2023-05-09,8.91,9.09,9,9,9,9,인도네시아 루피아
MYR,+0.07,2023-05-09,295.12,301.09,298.11,298,298,298.11,말레이지아 링기트
BND,+0.38,2023-05-09,988.24,"1,008.21",998.23,998,998,998.23,브루나이 달러
USD,-4.00,2023-05-10,"1,309.77","1,336.23","1,323","1,323","1,323","1,323",미국 달러
JPY,-3.07,2023-05-10,968.43,988,978.22,978,978,978.22,일본 옌
EUR,-3.99,2023-05-10,"1,436.29","1,465.3","1,450.8","1,450","1,450","1,450.8",유로
HKD,-0.51,2023-05-10,167.03,170.4,168.72,168,168,168.72,홍콩 달러
GBP,-4.32,2023-05-10,"1,653.64","1,687.05","1,670.35","1,670","1,670","1,670.35",영국 파운드
CHF,-2.24,2023-05-10,"1,471.56","1,501.29","1,486.43","1,486","1,486","1,486.43",스위스 프랑
CAD,-1.84,2023-05-10,978.86,998.63,988.75,988,988,988.75,캐나다 달러
AUD,-2.31,2023-05-10,885.79,903.68,894.74,894,894,894.74,호주 달러
NZD,-0.54,2023-05-10,830.13,846.9,838.52,838,838,838.52,뉴질랜드 달러
SEK,-0.74,2023-05-10,128.5,131.09,129.8,129,129,129.8,스웨덴 크로나
DKK,-0.85,2023-05-10,192.92,196.81,194.87,194,194,194.87,덴마아크 크로네
NOK,-0.82,2023-05-10,123.93,126.44,125.19,125,125,125.19,노르웨이 크로네
SAR,-1.07,2023-05-10,349.25,356.3,352.78,352,352,352.78,사우디 리얄
KWD,-15.73,2023-05-10,"4,272.05","4,358.36","4,315.21","4,315","4,315","4,315.21",쿠웨이트 디나르
BHD,-10.61,2023-05-10,"3,473.91","3,544.09","3,509","3,509","3,509","3,509",바레인 디나르
AED,-1.07,2023-05-10,356.67,363.88,360.28,360,360,360.28,아랍에미리트 디르함
THB,-0.07,2023-05-10,38.89,39.68,39.29,39,39,39.29,태국 바트
SGD,-2.83,2023-05-10,986.9,"1,006.83",996.87,996,996,996.87,싱가포르 달러
IDR,-0.02,2023-05-10,8.89,9.06,8.98,8,8,8.98,인도네시아 루피아
MYR,-1.33,2023-05-10,294.36,300.31,297.34,297,297,297.34,말레이지아 링기트
BND,-4.60,2023-05-10,986.9,"1,006.83",996.87,996,996,996.87,브루나이 달러
USD,+3.70,2023-05-11,"1,310.95","1,337.44","1,324.2","1,324","1,324","1,324.2",미국 달러
JPY,+4.63,2023-05-11,977.48,997.23,987.36,987,987,987.36,일본 옌
EUR,+4.66,2023-05-11,"1,440.15","1,469.24","1,454.7","1,454","1,454","1,454.7",유로
HKD,+0.42,2023-05-11,167.38,170.77,169.08,169,169,169.08,홍콩 달러
GBP,+4.94,2023-05-11,"1,655.47","1,688.92","1,672.2","1,672","1,672","1,672.2",영국 파운드
CHF,+4.32,2023-05-11,"1,474.3","1,504.09","1,489.2","1,489","1,489","1,489.2",스위스 프랑
CAD,+3.18,2023-05-11,980.26,"1,000.07",990.17,990,990,990.17,캐나다 달러
AUD,+3.17,2023-05-11,888.96,906.91,897.94,897,897,897.94,호주 달러
NZD,+4.99,2023-05-11,834.94,851.81,843.38,843,843,843.38,뉴질랜드 달러
SEK,+0.26,2023-05-11,128.27,130.86,129.57,129,129,129.57,스웨덴 크로나
DKK,+1.06,2023-05-11,193.39,197.3,195.35,195,195,195.35,덴마아크 크로네
NOK,+0.79,2023-05-11,124.82,127.35,126.09,126,126,126.09,노르웨이 크로네
SAR,+0.99,2023-05-11,349.56,356.63,353.1,353,353,353.1,사우디 리얄
KWD,+15.59,2023-05-11,"4,279.42","4,365.87","4,322.65","4,322","4,322","4,322.65",쿠웨이트 디나르
BHD,+9.82,2023-05-11,"3,477.06","3,547.31","3,512.19","3,512","3,512","3,512.19",바레인 디나르
AED,+1.00,2023-05-11,356.99,364.2,360.6,360,360,360.6,아랍에미리트 디르함
THB,+0.20,2023-05-11,38.95,39.74,39.35,39,39,39.35,태국 바트
SGD,+4.33,2023-05-11,989.66,"1,009.65",999.66,999,999,999.66,싱가포르 달러
IDR,+0.03,2023-05-11,8.9,9.07,8.99,8,8,8.99,인도네시아 루피아
MYR,+0.24,2023-05-11,294.03,299.98,297.01,297,297,297.01,말레이지아 링기트
BND,+4.67,2023-05-11,989.66,"1,009.65",999.66,999,999,999.66,브루나이 달러
USD,-12.40,2023-05-12,"1,307.09","1,333.5","1,320.3","1,320","1,320","1,320.3",미국 달러
JPY,-8.93,2023-05-12,972.03,991.66,981.85,981,981,981.85,일본 옌
EUR,-13.80,2023-05-12,"1,426.82","1,455.65","1,441.24","1,441","1,441","1,441.24",유로
HKD,-1.60,2023-05-12,166.79,170.16,168.48,168,168,168.48,홍콩 달러
GBP,-15.85,2023-05-12,"1,635.24","1,668.27","1,651.76","1,651","1,651","1,651.76",영국 파운드
CHF,-13.37,2023-05-12,"1,461.91","1,491.44","1,476.68","1,476","1,476","1,476.68",스위스 프랑
CAD,-10.18,2023-05-12,968.83,988.4,978.62,978,978,978.62,캐나다 달러
AUD,-8.24,2023-05-12,875.82,893.51,884.67,884,884,884.67,호주 달러
NZD,-9.34,2023-05-12,823.01,839.64,831.33,831,831,831.33,뉴질랜드 달러
SEK,-1.81,2023-05-12,126.51,129.06,127.79,127,127,127.79,스웨덴 크로나
DKK,-2.12,2023-05-12,191.56,195.43,193.5,193,193,193.5,덴마아크 크로네
NOK,-2.69,2023-05-12,122.5,124.97,123.74,123,123,123.74,노르웨이 크로네
SAR,-3.31,2023-05-12,348.53,355.58,352.06,352,352,352.06,사우디 리얄
KWD,-44.55,2023-05-12,"4,262.78","4,348.89","4,305.84","4,305","4,305","4,305.84",쿠웨이트 디나르
BHD,-32.89,2023-05-12,"3,466.82","3,536.85","3,501.84","3,501","3,501","3,501.84",바레인 디나르
AED,-3.39,2023-05-12,355.93,363.12,359.53,359,359,359.53,아랍에미리트 디르함
THB,-0.41,2023-05-12,38.64,39.43,39.04,39,39,39.04,태국 바트
SGD,-10.07,2023-05-12,981.59,"1,001.42",991.51,991,991,991.51,싱가포르 달러
IDR,-0.08,2023-05-12,8.88,9.05,8.97,8,8,8.97,인도네시아 루피아
MYR,-3.11,2023-05-12,292.91,298.82,295.87,295,295,295.87,말레이지아 링기트
BND,-14.57,2023-05-12,981.59,"1,001.42",991.51,991,991,991.51,브루나이 달러
USD,-8.90,2023-05-15,"1,320.26","1,346.93","1,333.6","1,333","1,333","1,333.6",미국 달러
JPY,-7.32,2023-05-15,972.38,992.03,982.21,982,982,982.21,일본 옌
EUR,-10.06,2023-05-15,"1,432.61","1,461.56","1,447.09","1,447","1,447","1,447.09",유로
HKD,-1.12,2023-05-15,168.34,171.75,170.05,170,170,170.05,홍콩 달러
GBP,-11.21,2023-05-15,"1,643.46","1,676.67","1,660.07","1,660","1,660","1,660.07",영국 파운드
CHF,-12.41,2023-05-15,"1,469.4","1,499.09","1,484.25","1,484","1,484","1,484.25",스위스 프랑
CAD,-8.43,2023-05-15,973.75,993.42,983.59,983,983,983.59,캐나다 달러
AUD,-5.78,2023-05-15,877.05,894.76,885.91,885,885,885.91,호주 달러
NZD,-5.71,2023-05-15,817.57,834.08,825.83,825,825,825.83,뉴질랜드 달러
SEK,-1.76,2023-05-15,127.14,129.71,128.43,128,128,128.43,스웨덴 크로나
DKK,-2.76,2023-05-15,192.35,196.24,194.3,194,194,194.3,덴마아크 크로네
NOK,-0.73,2023-05-15,123.65,126.14,124.9,124,124,124.9,노르웨이 크로네
SAR,-2.37,2023-05-15,352.05,359.16,355.61,355,355,355.61,사우디 리얄
KWD,-34.00,2023-05-15,"4,302.63","4,389.56","4,346.1","4,346","4,346","4,346.1",쿠웨이트 디나르
BHD,-23.60,2023-05-15,"3,501.74","3,572.49","3,537.12","3,537","3,537","3,537.12",바레인 디나르
AED,-2.40,2023-05-15,359.53,366.8,363.17,363,363,363.17,아랍에미리트 디르함
THB,-0.23,2023-05-15,38.92,39.71,39.32,39,39,39.32,태국 바트
SGD,-7.48,2023-05-15,986.29,"1,006.22",996.26,996,996,996.26,싱가포르 달러
IDR,-0.06,2023-05-15,8.94,9.13,9.04,9,9,9.04,인도네시아 루피아
MYR,-2.18,2023-05-15,294.77,300.72,297.75,297,297,297.75,말레이지아 링기트
BND,-11.93,2023-05-15,986.29,"1,006.22",996.26,996,996,996.26,브루나이 달러
USD,+0.30,2023-05-16,"1,324.42","1,351.17","1,337.8","1,337","1,337","1,337.8",미국 달러
JPY,+0.33,2023-05-16,973.73,993.4,983.57,983,983,983.57,일본 옌
EUR,+0.12,2023-05-16,"1,440.24","1,469.33","1,454.79","1,454","1,454","1,454.79",유로
HKD,+0.05,2023-05-16,168.96,172.37,170.67,170,170,170.67,홍콩 달러
GBP,-0.16,2023-05-16,"1,658.83","1,692.34","1,675.59","1,675","1,675","1,675.59",영국 파운드
CHF,-0.25,2023-05-16,"1,478.89","1,508.76","1,493.83","1,493","1,493","1,493.83",스위스 프랑
CAD,+2.22,2023-05-16,983.53,"1,003.4",993.47,993,993,993.47,캐나다 달러
AUD,+0.33,2023-05-16,887.62,905.55,896.59,896,896,896.59,호주 달러
NZD,+2.46,2023-05-16,826.83,843.54,835.19,835,835,835.19,뉴질랜드 달러
SEK,+0.73,2023-05-16,128,130.59,129.3,129,129,129.3,스웨덴 크로나
DKK,+0.11,2023-05-16,193.42,197.33,195.38,195,195,195.38,덴마아크 크로네
NOK,+1.09,2023-05-16,125.01,127.54,126.28,126,126,126.28,노르웨이 크로네
SAR,+0.10,2023-05-16,353.17,360.3,356.74,356,356,356.74,사우디 리얄
KWD,-1.16,2023-05-16,"4,314.77","4,401.94","4,358.36","4,358","4,358","4,358.36",쿠웨이트 디나르
BHD,+0.51,2023-05-16,"3,512.77","3,583.74","3,548.26","3,548","3,548","3,548.26",바레인 디나르
AED,+0.06,2023-05-16,360.64,367.93,364.29,364,364,364.29,아랍에미리트 디르함
THB,-0.07,2023-05-16,39.2,39.99,39.6,39,39,39.6,태국 바트
SGD,+1.12,2023-05-16,991.1,"1,011.13","1,001.12","1,001","1,001","1,001.12",싱가포르 달러
IDR,+0.01,2023-05-16,8.94,9.13,9.04,9,9,9.04,인도네시아 루피아
MYR,+0.03,2023-05-16,294.47,300.42,297.45,297,297,297.45,말레이지아 링기트
BND,+1.27,2023-05-16,991.1,"1,011.13","1,001.12","1,001","1,001","1,001.12",브루나이 달러
USD,-7.20,2023-05-17,"1,322.64","1,349.36","1,336","1,336","1,336","1,336",미국 달러
JPY,-6.04,2023-05-17,969.49,989.08,979.29,979,979,979.29,일본 옌
EUR,-7.56,2023-05-17,"1,436.64","1,465.67","1,451.16","1,451","1,451","1,451.16",유로
HKD,-0.94,2023-05-17,168.73,172.14,170.44,170,170,170.44,홍콩 달러
GBP,-8.72,2023-05-17,"1,650.78","1,684.13","1,667.46","1,667","1,667","1,667.46",영국 파운드
CHF,-9.11,2023-05-17,"1,475.25","1,505.06","1,490.16","1,490","1,490","1,490.16",스위스 프랑
CAD,-7.60,2023-05-17,981.29,"1,001.12",991.21,991,991,991.21,캐나다 달러
AUD,-4.59,2023-05-17,880.14,897.93,889.04,889,889,889.04,호주 달러
NZD,-4.82,2023-05-17,823.8,840.45,832.13,832,832,832.13,뉴질랜드 달러
SEK,-1.31,2023-05-17,127.06,129.63,128.35,128,128,128.35,스웨덴 크로나
DKK,-1.24,2023-05-17,192.95,196.84,194.9,194,194,194.9,덴마아크 크로네
NOK,-1.58,2023-05-17,123.33,125.82,124.58,124,124,124.58,노르웨이 크로네
SAR,-1.91,2023-05-17,352.7,359.83,356.27,356,356,356.27,사우디 리얄
KWD,-25.59,2023-05-17,"4,307.56","4,394.59","4,351.08","4,351","4,351","4,351.08",쿠웨이트 디나르
BHD,-19.10,2023-05-17,"3,508.04","3,578.91","3,543.48","3,543","3,543","3,543.48",바레인 디나르
AED,-1.95,2023-05-17,360.18,367.45,363.82,363,363,363.82,아랍에미리트 디르함
THB,-0.43,2023-05-17,38.78,39.57,39.18,39,39,39.18,태국 바트
SGD,-6.45,2023-05-17,986.64,"1,006.57",996.61,996,996,996.61,싱가포르 달러
IDR,-0.06,2023-05-17,8.91,9.1,9.01,9,9,9.01,인도네시아 루피아
MYR,-1.10,2023-05-17,294.14,300.09,297.12,297,297,297.12,말레이지아 링기트
BND,-8.55,2023-05-17,986.64,"1,006.57",996.61,996,996,996.61,브루나이 달러
USD,+1.40,2023-05-18,"1,326","1,352.79","1,339.4","1,339","1,339","1,339.4",미국 달러
JPY,-0.93,2023-05-18,963.7,983.17,973.44,973,973,973.44,일본 옌
EUR,+3.39,2023-05-18,"1,437.12","1,466.15","1,451.64","1,451","1,451","1,451.64",유로
HKD,+0.16,2023-05-18,169.31,172.74,171.03,171,171,171.03,홍콩 달러
GBP,+4.76,2023-05-18,"1,655.85","1,689.3","1,672.58","1,672","1,672","1,672.58",영국 파운드
CHF,+4.12,2023-05-18,"1,475.71","1,505.52","1,490.62","1,490","1,490","1,490.62",스위스 프랑
CAD,+3.29,2023-05-18,985.04,"1,004.93",994.99,994,994,994.99,캐나다 달러
AUD,+2.01,2023-05-18,882.99,900.82,891.91,891,891,891.91,호주 달러
NZD,+0.94,2023-05-18,827.88,844.61,836.25,836,836,836.25,뉴질랜드 달러
SEK,-0.21,2023-05-18,126.9,129.47,128.19,128,128,128.19,스웨덴 크로나
DKK,-0.12,2023-05-18,192.95,196.84,194.9,194,194,194.9,덴마아크 크로네
NOK,-0.22,2023-05-18,123.11,125.6,124.36,124,124,124.36,노르웨이 크로네
SAR,+0.33,2023-05-18,353.55,360.7,357.13,357,357,357.13,사우디 리얄
KWD,+3.56,2023-05-18,"4,318.25","4,405.48","4,361.87","4,361","4,361","4,361.87",쿠웨이트 디나르
BHD,+3.43,2023-05-18,"3,516.97","3,588.02","3,552.5","3,552","3,552","3,552.5",바레인 디나르
AED,+0.38,2023-05-18,361.1,368.39,364.75,364,364,364.75,아랍에미리트 디르함
THB,+0.02,2023-05-18,38.7,39.49,39.1,39,39,39.1,태국 바트
SGD,+1.41,2023-05-18,987.86,"1,007.81",997.84,997,997,997.84,싱가포르 달러
IDR,+0.02,2023-05-18,8.91,9.1,9.01,9,9,9.01,인도네시아 루피아
MYR,-0.02,2023-05-18,293.04,298.96,296,296,296,296,말레이지아 링기트
BND,+0.38,2023-05-18,987.86,"1,007.81",997.84,997,997,997.84,브루나이 달러
USD,-5.30,2023-05-19,"1,319.37","1,346.02","1,332.7","1,332","1,332","1,332.7",미국 달러
JPY,-2.74,2023-05-19,952.38,971.62,962,962,962,962,일본 옌
EUR,-5.04,2023-05-19,"1,421.75","1,450.48","1,436.12","1,436","1,436","1,436.12",유로
HKD,-0.65,2023-05-19,168.56,171.97,170.27,170,170,170.27,홍콩 달러
GBP,-5.71,2023-05-19,"1,637.8","1,670.89","1,654.35","1,654","1,654","1,654.35",영국 파운드
CHF,-3.58,2023-05-19,"1,458.19","1,487.64","1,472.92","1,472","1,472","1,472.92",스위스 프랑
CAD,-4.67,2023-05-19,977.52,997.27,987.4,987,987,987.4,캐나다 달러
AUD,-3.04,2023-05-19,874.15,891.8,882.98,882,882,882.98,호주 달러
NZD,+0.70,2023-05-19,822.88,839.51,831.2,831,831,831.2,뉴질랜드 달러
SEK,-1.55,2023-05-19,124.86,127.39,126.13,126,126,126.13,스웨덴 크로나
DKK,-1.46,2023-05-19,190.89,194.74,192.82,192,192,192.82,덴마아크 크로네
NOK,-1.29,2023-05-19,120.85,123.3,122.08,122,122,122.08,노르웨이 크로네
SAR,-1.37,2023-05-19,351.83,358.94,355.39,355,355,355.39,사우디 리얄
KWD,-20.79,2023-05-19,"4,292.73","4,379.46","4,336.1","4,336","4,336","4,336.1",쿠웨이트 디나르
BHD,-14.06,2023-05-19,"3,499.38","3,570.07","3,534.73","3,534","3,534","3,534.73",바레인 디나르
AED,-1.41,2023-05-19,359.33,366.58,362.96,362,362,362.96,아랍에미리트 디르함
THB,-0.29,2023-05-19,38.32,39.09,38.71,38,38,38.71,태국 바트
SGD,-3.38,2023-05-19,978.94,998.71,988.83,988,988,988.83,싱가포르 달러
IDR,-0.03,2023-05-19,8.88,9.05,8.97,8,8,8.97,인도네시아 루피아
MYR,-1.79,2023-05-19,290.83,296.7,293.77,293,293,293.77,말레이지아 링기트
BND,-7.97,2023-05-19,978.94,998.71,988.83,988,988,988.83,브루나이 달러
USD,+4.20,2023-05-22,"1,317.88","1,344.51","1,331.2","1,331","1,331","1,331.2",미국 달러
JPY,+6.51,2023-05-22,957.66,977.01,967.34,967,967,967.34,일본 옌
EUR,+7.66,2023-05-22,"1,426.28","1,455.09","1,440.69","1,440","1,440","1,440.69",유로
HKD,+0.55,2023-05-22,168.57,171.98,170.28,170,170,170.28,홍콩 달러
GBP,+8.09,2023-05-22,"1,641.89","1,675.06","1,658.48","1,658","1,658","1,658.48",영국 파운드
CHF,+10.49,2023-05-22,"1,467.01","1,496.64","1,481.83","1,481","1,481","1,481.83",스위스 프랑
CAD,+4.82,2023-05-22,976.75,996.48,986.62,986,986,986.62,캐나다 달러
AUD,+3.86,2023-05-22,876.79,894.5,885.65,885,885,885.65,호주 달러
NZD,+0.25,2023-05-22,827.1,843.81,835.46,835,835,835.46,뉴질랜드 달러
SEK,+0.75,2023-05-22,125.43,127.96,126.7,126,126,126.7,스웨덴 크로나
DKK,+1.15,2023-05-22,191.48,195.35,193.42,193,193,193.42,덴마아크 크로네
NOK,+0.11,2023-05-22,121.13,123.58,122.36,122,122,122.36,노르웨이 크로네
SAR,+1.12,2023-05-22,351.44,358.53,354.99,354,354,354.99,사우디 리얄
KWD,+15.78,2023-05-22,"4,289.99","4,376.66","4,333.33","4,333","4,333","4,333.33",쿠웨이트 디나르
BHD,+11.14,2023-05-22,"3,495.44","3,566.05","3,530.75","3,530","3,530","3,530.75",바레인 디나르
AED,+1.11,2023-05-22,358.88,366.13,362.51,362,362,362.51,아랍에미리트 디르함
THB,+0.22,2023-05-22,38.4,39.17,38.79,38,38,38.79,태국 바트
SGD,+4.84,2023-05-22,980.16,999.97,990.07,990,990,990.07,싱가포르 달러
IDR,-0.02,2023-05-22,8.83,9,8.92,8,8,8.92,인도네시아 루피아
MYR,+1.79,2023-05-22,290.37,296.24,293.31,293,293,293.31,말레이지아 링기트
BND,+5.47,2023-05-22,980.16,999.97,990.07,990,990,990.07,브루나이 달러
USD,+3.10,2023-05-23,"1,305.9","1,332.29","1,319.1","1,319","1,319","1,319.1",미국 달러
JPY,+2.34,2023-05-23,942.38,961.41,951.9,951,951,951.9,일본 옌
EUR,+3.28,2023-05-23,"1,411.74","1,440.27","1,426.01","1,426","1,426","1,426.01",유로
HKD,+0.37,2023-05-23,166.81,170.18,168.5,168,168,168.5,홍콩 달러
GBP,+4.32,2023-05-23,"1,623.96","1,656.77","1,640.37","1,640","1,640","1,640.37",영국 파운드
CHF,+3.29,2023-05-23,"1,454.24","1,483.61","1,468.93","1,468","1,468","1,468.93",스위스 프랑
CAD,+2.15,2023-05-23,966.83,986.36,976.6,976,976,976.6,캐나다 달러
AUD,+2.26,2023-05-23,868.36,885.91,877.14,877,877,877.14,호주 달러
NZD,+3.66,2023-05-23,820.89,837.48,829.19,829,829,829.19,뉴질랜드 달러
SEK,-0.15,2023-05-23,123.63,126.12,124.88,124,124,124.88,스웨덴 크로나
DKK,+0.66,2023-05-23,189.57,193.4,191.49,191,191,191.49,덴마아크 크로네
NOK,+0.24,2023-05-23,119.76,122.17,120.97,120,120,120.97,노르웨이 크로네
SAR,+0.83,2023-05-23,348.24,355.27,351.76,351,351,351.76,사우디 리얄
KWD,+7.72,2023-05-23,"4,250.04","4,335.89","4,292.97","4,292","4,292","4,292.97",쿠웨이트 디나르
BHD,+7.94,2023-05-23,"3,463.67","3,533.64","3,498.66","3,498","3,498","3,498.66",바레인 디나르
AED,+0.85,2023-05-23,355.61,362.8,359.21,359,359,359.21,아랍에미리트 디르함
THB,+0.12,2023-05-23,37.89,38.66,38.28,38,38,38.28,태국 바트
SGD,+1.83,2023-05-23,969.89,989.48,979.69,979,979,979.69,싱가포르 달러
IDR,+0.02,2023-05-23,8.77,8.94,8.86,8,8,8.86,인도네시아 루피아
MYR,+0.65,2023-05-23,287.13,292.94,290.04,290,290,290.04,말레이지아 링기트
BND,+0.67,2023-05-23,969.89,989.48,979.69,979,979,979.69,브루나이 달러
USD,-10.60,2023-05-24,"1,298.28","1,324.51","1,311.4","1,311","1,311","1,311.4",미국 달러
JPY,-7.72,2023-05-24,937.12,956.05,946.59,946,946,946.59,일본 옌
EUR,-11.42,2023-05-24,"1,398.64","1,426.89","1,412.77","1,412","1,412","1,412.77",유로
HKD,-1.38,2023-05-24,165.65,169,167.33,167,167,167.33,홍콩 달러
GBP,-11.97,2023-05-24,"1,612.47","1,645.04","1,628.76","1,628","1,628","1,628.76",영국 파운드
CHF,-13.96,2023-05-24,"1,440.53","1,469.64","1,455.09","1,455","1,455","1,455.09",스위스 프랑
CAD,-7.53,2023-05-24,961.65,981.08,971.37,971,971,971.37,캐나다 달러
AUD,-6.81,2023-05-24,858.35,875.7,867.03,867,867,867.03,호주 달러
NZD,-6.95,2023-05-24,811.23,827.62,819.43,819,819,819.43,뉴질랜드 달러
SEK,-1.52,2023-05-24,122.2,124.67,123.44,123,123,123.44,스웨덴 크로나
DKK,-2.00,2023-05-24,187.78,191.57,189.68,189,189,189.68,덴마아크 크로네
NOK,-0.91,2023-05-24,118.51,120.9,119.71,119,119,119.71,노르웨이 크로네
SAR,-2.81,2023-05-24,346.21,353.2,349.71,349,349,349.71,사우디 리얄
KWD,-35.76,2023-05-24,"4,224.95","4,310.3","4,267.63","4,267","4,267","4,267.63",쿠웨이트 디나르
BHD,-29.32,2023-05-24,"3,443.45","3,513.02","3,478.24","3,478","3,478","3,478.24",바레인 디나르
AED,-2.87,2023-05-24,353.53,360.68,357.11,357,357,357.11,아랍에미리트 디르함
THB,-0.17,2023-05-24,37.55,38.3,37.93,37,37,37.93,태국 바트
SGD,-7.94,2023-05-24,963.98,983.45,973.72,973,973,973.72,싱가포르 달러
IDR,-0.08,2023-05-24,8.72,8.89,8.81,8,8,8.81,인도네시아 루피아
MYR,-2.22,2023-05-24,284.09,289.82,286.96,286,286,286.96,말레이지아 링기트
BND,-9.47,2023-05-24,963.98,983.45,973.72,973,973,973.72,브루나이 달러
USD,-4.20,2023-05-25,"1,304.32","1,330.67","1,317.5","1,317","1,317","1,317.5",미국 달러
JPY,-2.44,2023-05-25,936.84,955.77,946.31,946,946,946.31,일본 옌
EUR,-4.39,2023-05-25,"1,402.8","1,431.13","1,416.97","1,416","1,416","1,416.97",유로
HKD,-0.51,2023-05-25,166.58,169.95,168.27,168,168,168.27,홍콩 달러
GBP,-4.67,2023-05-25,"1,613.18","1,645.77","1,629.48","1,629","1,629","1,629.48",영국 파운드
CHF,-3.43,2023-05-25,"1,442.12","1,471.25","1,456.69","1,456","1,456","1,456.69",스위스 프랑
CAD,-3.41,2023-05-25,959.66,979.05,969.36,969,969,969.36,캐나다 달러
AUD,-2.28,2023-05-25,853.48,870.73,862.11,862,862,862.11,호주 달러
NZD,-2.44,2023-05-25,796.94,813.03,804.99,804,804,804.99,뉴질랜드 달러
SEK,-0.98,2023-05-25,121.68,124.13,122.91,122,122,122.91,스웨덴 크로나
DKK,-1.06,2023-05-25,188.3,192.11,190.21,190,190,190.21,덴마아크 크로네
NOK,-0.20,2023-05-25,119.01,121.42,120.22,120,120,120.22,노르웨이 크로네
SAR,-1.12,2023-05-25,347.79,354.82,351.31,351,351,351.31,사우디 리얄
KWD,-16.88,2023-05-25,"4,242.67","4,328.38","4,285.53","4,285","4,285","4,285.53",쿠웨이트 디나르
BHD,-12.35,2023-05-25,"3,459.47","3,529.36","3,494.42","3,494","3,494","3,494.42",바레인 디나르
AED,-1.12,2023-05-25,355.19,362.36,358.78,358,358,358.78,아랍에미리트 디르함
THB,-0.24,2023-05-25,37.66,38.43,38.05,38,38,38.05,태국 바트
SGD,-3.23,2023-05-25,966.84,986.37,976.61,976,976,976.61,싱가포르 달러
IDR,-0.04,2023-05-25,8.75,8.92,8.84,8,8,8.84,인도네시아 루피아
MYR,-1.07,2023-05-25,284.07,289.8,286.94,286,286,286.94,말레이지아 링기트
BND,-5.48,2023-05-25,966.84,986.37,976.61,976,976,976.61,브루나이 달러
USD,-8.10,2023-05-26,"1,310.16","1,336.63","1,323.4","1,323","1,323","1,323.4",미국 달러
JPY,-4.13,2023-05-26,936.26,955.17,945.72,945,945,945.72,일본 옌
EUR,-7.62,2023-05-26,"1,405.28","1,433.67","1,419.48","1,419","1,419","1,419.48",유로
HKD,-1.05,2023-05-26,167.22,170.59,168.91,168,168,168.91,홍콩 달러
GBP,-8.78,2023-05-26,"1,614.65","1,647.26","1,630.96","1,630","1,630","1,630.96",영국 파운드
CHF,-9.60,2023-05-26,"1,447.05","1,476.28","1,461.67","1,461","1,461","1,461.67",스위스 프랑
CAD,-6.65,2023-05-26,960.31,979.72,970.02,970,970,970.02,캐나다 달러
AUD,-5.00,2023-05-26,852.13,869.34,860.74,860,860,860.74,호주 달러
NZD,-3.38,2023-05-26,794.15,810.2,802.18,802,802,802.18,뉴질랜드 달러
SEK,-1.55,2023-05-26,121.08,123.53,122.31,122,122,122.31,스웨덴 크로나
DKK,-1.12,2023-05-26,188.63,192.44,190.54,190,190,190.54,덴마아크 크로네
NOK,-1.42,2023-05-26,118.54,120.93,119.74,119,119,119.74,노르웨이 크로네
SAR,-2.13,2023-05-26,349.38,356.43,352.91,352,352,352.91,사우디 리얄
KWD,-28.02,2023-05-26,"4,259.03","4,345.08","4,302.06","4,302","4,302","4,302.06",쿠웨이트 디나르
BHD,-22.70,2023-05-26,"3,474.96","3,545.17","3,510.07","3,510","3,510","3,510.07",바레인 디나르
AED,-2.20,2023-05-26,356.78,363.99,360.39,360,360,360.39,아랍에미리트 디르함
THB,-0.26,2023-05-26,37.7,38.47,38.09,38,38,38.09,태국 바트
SGD,-6.46,2023-05-26,967.23,986.77,977,977,977,977,싱가포르 달러
IDR,-0.05,2023-05-26,8.76,8.93,8.85,8,8,8.85,인도네시아 루피아
MYR,-1.94,2023-05-26,283.24,288.97,286.11,286,286,286.11,말레이지아 링기트
BND,-7.91,2023-05-26,967.23,986.77,977,977,977,977,브루나이 달러
USD,+0.10,2023-05-30,"1,312.34","1,338.85","1,325.6","1,325","1,325","1,325.6",미국 달러
JPY,+1.11,2023-05-30,934.28,953.15,943.72,943,943,943.72,일본 옌
EUR,-2.41,2023-05-30,"1,405.25","1,433.64","1,419.45","1,419","1,419","1,419.45",유로
HKD,+0.15,2023-05-30,167.63,171.02,169.33,169,169,169.33,홍콩 달러
GBP,+1.05,2023-05-30,"1,621.53","1,654.28","1,637.91","1,637","1,637","1,637.91",영국 파운드
CHF,+4.47,2023-05-30,"1,451.06","1,480.37","1,465.72","1,465","1,465","1,465.72",스위스 프랑
CAD,+3.72,2023-05-30,965.38,984.89,975.14,975,975,975.14,캐나다 달러
AUD,+2.78,2023-05-30,858.07,875.4,866.74,866,866,866.74,호주 달러
NZD,+1.98,2023-05-30,794.29,810.34,802.32,802,802,802.32,뉴질랜드 달러
SEK,-0.59,2023-05-30,121.26,123.71,122.49,122,122,122.49,스웨덴 크로나
DKK,-0.34,2023-05-30,188.66,192.47,190.57,190,190,190.57,덴마아크 크로네
NOK,-0.75,2023-05-30,118.17,120.56,119.37,119,119,119.37,노르웨이 크로네
SAR,+0.01,2023-05-30,349.94,357.01,353.48,353,353,353.48,사우디 리얄
KWD,-1.78,2023-05-30,"4,265.7","4,351.87","4,308.79","4,308","4,308","4,308.79",쿠웨이트 디나르
BHD,-0.95,2023-05-30,"3,480.74","3,551.05","3,515.9","3,515","3,515","3,515.9",바레인 디나르
AED,-0.03,2023-05-30,357.32,364.53,360.93,360,360,360.93,아랍에미리트 디르함
THB,-0.03,2023-05-30,37.81,38.58,38.2,38,38,38.2,태국 바트
SGD,-0.61,2023-05-30,969.41,989,979.21,979,979,979.21,싱가포르 달러
IDR,-0.61,2023-05-30,8.77,8.94,8.86,8,8,8.86,인도네시아 루피아
MYR,+0.27,2023-05-30,284.98,290.73,287.86,287,287,287.86,말레이지아 링기트
BND,-0.61,2023-05-30,969.41,989,979.21,979,979,979.21,브루나이 달러
USD,+1.20,2023-05-31,"1,308.97","1,335.42","1,322.2","1,322","1,322","1,322.2",미국 달러
JPY,+0.72,2023-05-31,936.52,955.43,945.98,945,945,945.98,일본 옌
EUR,+1.69,2023-05-31,"1,404.8","1,433.17","1,418.99","1,418","1,418","1,418.99",유로
HKD,+0.14,2023-05-31,167.08,170.45,168.77,168,168,168.77,홍콩 달러
GBP,+1.76,2023-05-31,"1,624.31","1,657.12","1,640.72","1,640","1,640","1,640.72",영국 파운드
CHF,-1.98,2023-05-31,"1,444.39","1,473.56","1,458.98","1,458","1,458","1,458.98",스위스 프랑
CAD,+1.35,2023-05-31,962.44,981.89,972.17,972,972,972.17,캐나다 달러
AUD,+0.71,2023-05-31,853.12,870.35,861.74,861,861,861.74,호주 달러
NZD,+1.19,2023-05-31,791.47,807.46,799.47,799,799,799.47,뉴질랜드 달러
SEK,+0.01,2023-05-31,120.45,122.88,121.67,121,121,121.67,스웨덴 크로나
DKK,+0.95,2023-05-31,188.62,192.43,190.53,190,190,190.53,덴마아크 크로네
NOK,-0.53,2023-05-31,117.03,119.4,118.22,118,118,118.22,노르웨이 크로네
SAR,+0.32,2023-05-31,349.05,356.1,352.58,352,352,352.58,사우디 리얄
KWD,+5.86,2023-05-31,"4,257.39","4,343.4","4,300.4","4,300","4,300","4,300.4",쿠웨이트 디나르
BHD,+3.18,2023-05-31,"3,471.81","3,541.94","3,506.88","3,506","3,506","3,506.88",바레인 디나르
AED,+0.31,2023-05-31,356.39,363.58,359.99,359,359,359.99,아랍에미리트 디르함
THB,+0.22,2023-05-31,37.73,38.5,38.12,38,38,38.12,태국 바트
SGD,+1.29,2023-05-31,969.15,988.72,978.94,978,978,978.94,싱가포르 달러
IDR,+0.01,2023-05-31,8.73,8.9,8.82,8,8,8.82,인도네시아 루피아
MYR,+1.10,2023-05-31,284.46,290.21,287.34,287,287,287.34,말레이지아 링기트
BND,+3.13,2023-05-31,969.15,988.72,978.94,978,978,978.94,브루나이 달러
USD,-2.90,2023-06-01,"1,308.38","1,334.81","1,321.6","1,321","1,321","1,321.6",미국 달러
JPY,-0.47,2023-06-01,940.5,959.51,950.01,950,950,950.01,일본 옌
EUR,-1.57,2023-06-01,"1,399.25","1,427.52","1,413.39","1,413","1,413","1,413.39",유로
HKD,-0.34,2023-06-01,167.09,170.46,168.78,168,168,168.78,홍콩 달러
GBP,+3.74,2023-06-01,"1,628.48","1,661.37","1,644.93","1,644","1,644","1,644.93",영국 파운드
CHF,+1.44,2023-06-01,"1,437.47","1,466.5","1,451.99","1,451","1,451","1,451.99",스위스 프랑
CAD,+1.02,2023-06-01,964.31,983.8,974.06,974,974,974.06,캐나다 달러
AUD,-1.22,2023-06-01,851.37,868.56,859.97,859,859,859.97,호주 달러
NZD,+2.30,2023-06-01,788.1,804.03,796.07,796,796,796.07,뉴질랜드 달러
SEK,+0.83,2023-06-01,120.67,123.1,121.89,121,121,121.89,스웨덴 크로나
DKK,+0.09,2023-06-01,187.9,191.69,189.8,189,189,189.8,덴마아크 크로네
NOK,+1.87,2023-06-01,118.14,120.53,119.34,119,119,119.34,노르웨이 크로네
SAR,-0.84,2023-06-01,348.82,355.87,352.35,352,352,352.35,사우디 리얄
KWD,-8.03,2023-06-01,"4,254.91","4,340.86","4,297.89","4,297","4,297","4,297.89",쿠웨이트 디나르
BHD,-7.97,2023-06-01,"3,470.23","3,540.34","3,505.29","3,505","3,505","3,505.29",바레인 디나르
AED,-0.79,2023-06-01,356.22,363.41,359.82,359,359,359.82,아랍에미리트 디르함
THB,-0.02,2023-06-01,37.71,38.48,38.1,38,38,38.1,태국 바트
SGD,+0.06,2023-06-01,968.13,987.68,977.91,977,977,977.91,싱가포르 달러
IDR,-0.01,2023-06-01,8.73,8.9,8.82,8,8,8.82,인도네시아 루피아
MYR,-0.06,2023-06-01,283.47,289.2,286.34,286,286,286.34,말레이지아 링기트
BND,-2.40,2023-06-01,968.13,987.68,977.91,977,977,977.91,브루나이 달러
USD,+4.70,2023-06-02,"1,307.49","1,333.9","1,320.7","1,320","1,320","1,320.7",미국 달러
JPY,+3.49,2023-06-02,942.23,961.26,951.75,951,951,951.75,일본 옌
EUR,+5.39,2023-06-02,"1,407.32","1,435.75","1,421.54","1,421","1,421","1,421.54",유로
HKD,+0.62,2023-06-02,166.96,170.33,168.65,168,168,168.65,홍콩 달러
GBP,+6.09,2023-06-02,"1,637.96","1,671.05","1,654.51","1,654","1,654","1,654.51",영국 파운드
CHF,+11.10,2023-06-02,"1,443.94","1,473.11","1,458.53","1,458","1,458","1,458.53",스위스 프랑
CAD,+8.28,2023-06-02,972.54,992.19,982.37,982,982,982.37,캐나다 달러
AUD,+3.82,2023-06-02,859.87,877.24,868.56,868,868,868.56,호주 달러
NZD,+3.12,2023-06-02,793.78,809.81,801.8,801,801,801.8,뉴질랜드 달러
SEK,+1.49,2023-06-02,120.98,123.43,122.21,122,122,122.21,스웨덴 크로나
DKK,+2.40,2023-06-02,188.96,192.77,190.87,190,190,190.87,덴마아크 크로네
NOK,+1.63,2023-06-02,118.27,120.66,119.47,119,119,119.47,노르웨이 크로네
SAR,+1.31,2023-06-02,348.64,355.69,352.17,352,352,352.17,사우디 리얄
KWD,+19.74,2023-06-02,"4,252.28","4,338.19","4,295.24","4,295","4,295","4,295.24",쿠웨이트 디나르
BHD,+11.26,2023-06-02,"3,467.87","3,537.92","3,502.9","3,502","3,502","3,502.9",바레인 디나르
AED,+1.25,2023-06-02,355.96,363.15,359.56,359,359,359.56,아랍에미리트 디르함
THB,+0.48,2023-06-02,37.82,38.59,38.21,38,38,38.21,태국 바트
SGD,+5.01,2023-06-02,970.59,990.2,980.4,980,980,980.4,싱가포르 달러
IDR,+0.03,2023-06-02,8.72,8.89,8.81,8,8,8.81,인도네시아 루피아
MYR,+1.33,2023-06-02,283.4,289.13,286.27,286,286,286.27,말레이지아 링기트
BND,+6.74,2023-06-02,970.59,990.2,980.4,980,980,980.4,브루나이 달러
USD,+2.30,2023-06-05,"1,295.71","1,321.88","1,308.8","1,308","1,308","1,308.8",미국 달러
JPY,+0.61,2023-06-05,924.67,943.36,934.02,934,934,934.02,일본 옌
EUR,+1.55,2023-06-05,"1,386.54","1,414.55","1,400.55","1,400","1,400","1,400.55",유로
HKD,+0.29,2023-06-05,165.33,168.67,167,167,167,167,홍콩 달러
GBP,+0.97,2023-06-05,"1,611.28","1,643.83","1,627.56","1,627","1,627","1,627.56",영국 파운드
CHF,+1.11,2023-06-05,"1,424.95","1,453.74","1,439.35","1,439","1,439","1,439.35",스위스 프랑
CAD,+2.58,2023-06-05,965.07,984.56,974.82,974,974,974.82,캐나다 달러
AUD,+0.27,2023-06-05,855.23,872.5,863.87,863,863,863.87,호주 달러
NZD,-0.57,2023-06-05,784.94,800.79,792.87,792,792,792.87,뉴질랜드 달러
SEK,-0.20,2023-06-05,119.79,122.22,121.01,121,121,121.01,스웨덴 크로나
DKK,-0.79,2023-06-05,186.1,189.85,187.98,187,187,187.98,덴마아크 크로네
NOK,+0.48,2023-06-05,117.87,120.26,119.07,119,119,119.07,노르웨이 크로네
SAR,+0.56,2023-06-05,345.45,352.42,348.94,348,348,348.94,사우디 리얄
KWD,+4.02,2023-06-05,"4,211.63","4,296.72","4,254.18","4,254","4,254","4,254.18",쿠웨이트 디나르
BHD,+6.10,2023-06-05,"3,436.62","3,506.05","3,471.34","3,471","3,471","3,471.34",바레인 디나르
AED,+0.64,2023-06-05,352.76,359.89,356.33,356,356,356.33,아랍에미리트 디르함
THB,-0.14,2023-06-05,37.21,37.96,37.59,37,37,37.59,태국 바트
SGD,-0.28,2023-06-05,959.31,978.7,969.01,969,969,969.01,싱가포르 달러
IDR,+0.01,2023-06-05,8.64,8.81,8.73,8,8,8.73,인도네시아 루피아
MYR,+1.31,2023-06-05,283.06,288.77,285.92,285,285,285.92,말레이지아 링기트
BND,-2.00,2023-06-05,959.31,978.7,969.01,969,969,969.01,브루나이 달러
USD,+4.30,2023-06-07,"1,295.21","1,321.38","1,308.3","1,308","1,308","1,308.3",미국 달러
JPY,+3.65,2023-06-07,927.9,946.65,937.28,937,937,937.28,일본 옌
EUR,+4.60,2023-06-07,"1,384.98","1,412.95","1,398.97","1,398","1,398","1,398.97",유로
HKD,+0.43,2023-06-07,165.14,168.47,166.81,166,166,166.81,홍콩 달러
GBP,+5.21,2023-06-07,"1,609.17","1,641.68","1,625.43","1,625","1,625","1,625.43",영국 파운드
CHF,+2.51,2023-06-07,"1,427.07","1,455.9","1,441.49","1,441","1,441","1,441.49",스위스 프랑
CAD,+5.70,2023-06-07,966.46,985.99,976.23,976,976,976.23,캐나다 달러
AUD,+10.10,2023-06-07,864.35,881.82,873.09,873,873,873.09,호주 달러
NZD,+3.40,2023-06-07,787.49,803.4,795.45,795,795,795.45,뉴질랜드 달러
SEK,-0.77,2023-06-07,118.6,120.99,119.8,119,119,119.8,스웨덴 크로나
DKK,+0.44,2023-06-07,185.92,189.67,187.8,187,187,187.8,덴마아크 크로네
NOK,-0.74,2023-06-07,116.71,119.06,117.89,117,117,117.89,노르웨이 크로네
SAR,+1.21,2023-06-07,345.38,352.35,348.87,348,348,348.87,사우디 리얄
KWD,+13.57,2023-06-07,"4,209.62","4,294.67","4,252.15","4,252","4,252","4,252.15",쿠웨이트 디나르
BHD,+11.41,2023-06-07,"3,435.31","3,504.72","3,470.02","3,470","3,470","3,470.02",바레인 디나르
AED,+1.18,2023-06-07,352.63,359.76,356.2,356,356,356.2,아랍에미리트 디르함
THB,+0.16,2023-06-07,37.23,37.98,37.61,37,37,37.61,태국 바트
SGD,+4.23,2023-06-07,960.66,980.07,970.37,970,970,970.37,싱가포르 달러
IDR,+0.10,2023-06-07,8.71,8.88,8.8,8,8,8.8,인도네시아 루피아
MYR,-0.92,2023-06-07,281.11,286.78,283.95,283,283,283.95,말레이지아 링기트
BND,+4.91,2023-06-07,960.66,980.07,970.37,970,970,970.37,브루나이 달러
USD,-8.50,2023-06-08,"1,287.49","1,313.5","1,300.5","1,300","1,300","1,300.5",미국 달러
JPY,-5.70,2023-06-08,919.34,937.91,928.63,928,928,928.63,일본 옌
EUR,-9.81,2023-06-08,"1,377.29","1,405.12","1,391.21","1,391","1,391","1,391.21",유로
HKD,-1.08,2023-06-08,164.2,167.51,165.86,165,165,165.86,홍콩 달러
GBP,-11.24,2023-06-08,"1,601.25","1,633.6","1,617.43","1,617","1,617","1,617.43",영국 파운드
CHF,-12.83,2023-06-08,"1,414.98","1,443.57","1,429.28","1,429","1,429","1,429.28",스위스 프랑
CAD,-7.42,2023-06-08,962.64,982.09,972.37,972,972,972.37,캐나다 달러
AUD,-5.72,2023-06-08,856.63,873.94,865.29,865,865,865.29,호주 달러
NZD,-7.55,2023-06-08,777.07,792.76,784.92,784,784,784.92,뉴질랜드 달러
SEK,-0.85,2023-06-08,118.13,120.52,119.33,119,119,119.33,스웨덴 크로나
DKK,-1.05,2023-06-08,184.9,188.63,186.77,186,186,186.77,덴마아크 크로네
NOK,-0.50,2023-06-08,116.52,118.87,117.7,117,117,117.7,노르웨이 크로네
SAR,-2.27,2023-06-08,343.32,350.25,346.79,346,346,346.79,사우디 리얄
KWD,-28.18,2023-06-08,"4,183.97","4,268.5","4,226.24","4,226","4,226","4,226.24",쿠웨이트 디나르
BHD,-22.54,2023-06-08,"3,414.83","3,483.82","3,449.33","3,449","3,449","3,449.33",바레인 디나르
AED,-2.32,2023-06-08,350.52,357.61,354.07,354,354,354.07,아랍에미리트 디르함
THB,-0.31,2023-06-08,36.94,37.69,37.32,37,37,37.32,태국 바트
SGD,-7.20,2023-06-08,954.58,973.87,964.23,964,964,964.23,싱가포르 달러
IDR,-0.06,2023-06-08,8.65,8.82,8.74,8,8,8.74,인도네시아 루피아
MYR,-1.36,2023-06-08,280.04,285.69,282.87,282,282,282.87,말레이지아 링기트
BND,-6.66,2023-06-08,954.58,973.87,964.23,964,964,964.23,브루나이 달러
